YEAR,PSP,SITE,LAYER,C_STOCKS,UTMX,UTMY,STAND_AGE,BASAL_AREA,DOM_HEIGHT,SPECIES_RICHNESS,SHANNON_INDEX,GAP_FRACTION,CANOPY_COVER,ELEVATION,SLOPE,ASPECT,CONDITION,LAYER_NUM,CON_NUM
2013,25,2,L,1.163019471,541753,2278593,31,20.26204149,16.21,4,0.813111763,19.702141,80.297859,2038.939941,4.15019989,283.375,Managed,1,1
2013,2,3,FH,4.749934497,542338.3535,2280428.015,22,15.17895833,18,2,0.693147181,11.866776,88.133224,2020.329956,9.30850029,325.0289917,Managed,2,1
2013,27,2,L,2.223381917,541708,2280230,28,39.71775001,26.54,5,1.026846472,5.616035,94.383965,2086.26001,2.898200035,245.7709961,Managed,1,1
2013,16,2,FH,11.32292987,542670.2685,2279365.966,80,29.8497436,22.756875,12,2.140337505,0.306282,99.693718,2007.920044,20.39279938,106.2460022,Unmanaged,2,2
2013,41,1,L,1.144970533,541926,2278717,80,6.3156946,5.95,2,0.140760122,55.214558,44.785442,2039.609985,8.347700119,113.4469986,Unmanaged,1,2
2013,31,4,L,1.832222389,542261.9134,2279666.031,20,35.5434295,20.97,7,1.298024437,1.782326,98.217674,2046.939941,14.42990017,281.1239929,Managed,1,1
2013,33,3,FH,8.099327273,542124.5322,2279179.007,16,26.7698956,15.43,6,0.573072388,8.090118,91.909882,2055.199951,1.824499965,67.7990036,Managed,2,1
2013,41,4,L,1.035220533,541889,2278701,80,6.580151103,5.76,1,0,44.483845,55.516155,2042.060059,6.487800121,98.84860229,Unmanaged,1,2
2013,22,1,L,2.151490597,541294.9172,2278447.317,16,15.3894606,23.017,3,0.253067332,67.75,32.25,2016.310059,37.89820099,93.39379883,Managed,1,1
2013,12,3,FH,16.3811185,542706.5997,2279544.79,15,31.35676608,14.3,4,0.521657425,2.478836,97.521164,2063.090088,10.94299984,125.6790009,Managed,2,1
2013,12,4,L,2.621356916,542625.9192,2279557.868,15,33.20970434,14.97328571,5,0.869049355,1.868782,98.131218,2067.310059,4.919300079,207.503006,Managed,1,1
2013,35,1,FH,7.14944633,542080.0246,2279017.096,14,18.96158843,14.10235294,6,1.204710762,33.172615,66.827385,2041.349976,9.18200016,243.1869965,Managed,2,1
2013,27,3,L,2.27484682,541743,2280163,28,29.81575632,21.21,3,0.815849865,8.941483,91.058517,2089.610107,1.667999983,16.61179924,Managed,1,1
2013,40,3,FH,0,541477.9141,2279519.609,5,2.085061027,5.6,2,0.135793959,59.930969,40.069031,2070.790039,8.039099693,190.345993,Managed,2,1
2013,18,4,L,1.795294229,542129.5111,2279062.262,14,21.73622797,14.87,4,0.760457866,8.485504,91.514496,2049.080078,6.019299984,183.4909973,Managed,1,1
2013,4,1,FH,15.52715639,541295.3921,2279450.545,2,5.771587932,7.1,2,0.184907399,97.740113,2.259887,2062.929932,2.724600077,194.9839935,Managed,2,1
2013,1,4,L,1.908724993,541247.9859,2280434.179,29,24.95038741,23.32,8,1.884576878,11.178711,88.821289,2082.370117,4.873000145,139.2380066,Managed,1,1
2013,40,1,FH,8.098078434,541437.3336,2279544.103,5,6.3156946,5.95,2,0.140760122,55.214558,44.785442,2072.610107,6.476200104,196.197998,Managed,2,1
2013,34,4,FH,11.32498861,542344,2278943,15,35.27344409,18.68,5,0.195035276,7.919746,92.080254,2017.079956,6.994900227,41.92699814,Managed,2,1
2013,29,2,L,2.403960431,542053,2280389,26,29.38579009,25.51714286,3,0.73562194,19.817352,80.182648,2030.569946,15.60910034,43.48630142,Managed,1,1
2013,10,3,FH,10.77004873,542209.6988,2279541.001,19,33.16394957,20.31,5,0.875306929,8.491508,91.508492,2050.629883,9.098400116,290.7030029,Managed,2,1
2013,11,1,L,2.791353541,542424.9741,2279580.051,18,25.6980809,19.494,5,1.312584406,1.951035,98.048965,2063.469971,1.121199965,253.8480072,Managed,1,1
2013,6,2,L,3.087265527,542171.788,2279869.487,25,33.48160225,23.05,4,0.65759895,20.761559,79.238441,2055.459961,3.346800089,189.7100067,Managed,1,1
2013,19,4,L,1.73986745,542377.0004,2279055.464,15,26.25737739,16.1,5,0.549983455,8.821716,91.178284,2017.650024,9.107000351,131.6909943,Managed,1,1
2013,4,4,FH,5.190182595,541251.7775,2279432.621,8,19.4332442,9.12,2,0.036434416,15.460808,84.539192,2061.75,2.3949999809999998,174.7749939,Managed,2,1
2013,15,2,L,1.649822254,542421.8508,2279370.766,18,18.92845195,16.4,5,0.888953263,5.824562,94.175438,2041.73999,13.54930019,197.9680023,Managed,1,1
2013,36,1,L,1.438772343,542515,2278749,12,11.5930329,11.14,6,1.064301925,35.901848,64.098152,2008.75,9.727999687,85.11470032,Managed,1,1
2013,3,4,L,1.98439511,543252.1848,2280437.405,17,20.41592534,19.11,2,0.398307114,17.533432,82.466568,2063.560059,2.002300024,156.6750031,Managed,1,1
2013,18,3,L,3.030961747,542206.5552,2279045.742,14,27.53574545,15.95,2,0.146144746,20.578964,79.421036,2043.23999,9.595899582,95.79329681,Managed,1,1
2013,31,1,FH,10.95753205,542296.5836,2279690.711,20,35.46311837,22.4,5,0.931382818,2.611275,97.388725,2052.419922,9.489700317,257.5589905,Managed,2,1
2013,23,3,FH,7.226953248,542333.1686,2278414.794,80,31.69649039,22.62,8,1.714767522,5.599609,94.400391,1984.349976,4.73029995,133.2660065,Unmanaged,2,2
2013,30,2,L,1.753955975,542146,2279941,25,34.33163868,23.46,4,0.734380671,19.993233,80.006767,2054.100098,8.336000443,73.92350006,Managed,1,1
2013,9,3,L,3.202428698,541957.5235,2279549.56,0,3.110255267,22.5,1,0,99.827705,0.172295,2038.5,16.25469971,141.951004,Managed,1,1
2013,9,4,FH,26.25244988,541879.1584,2279553.572,0,3.110255267,22.5,1,0,93.617772,6.382228,2048.959961,12.09599972,164.6889954,Managed,2,1
2013,10,2,FH,7.887316334,542172.21,2279616.053,19,35.41562559,20.73,2,0.104732439,7.761833,92.238167,2038.369995,16.79439926,288.8739929,Managed,2,1
2013,8,4,L,1.523927989,542631.1271,2279807.222,15,34.43335045,16.785,7,1.436145537,2.231239,97.768761,2063.320068,3.601099968,318.144989,Managed,1,1
2013,19,3,L,1.598225383,542460.1606,2279051.688,15,21.40276348,14.74,5,0.687024761,5.365334,94.634666,2015.449951,12.1967001,244.6900024,Managed,1,1
2013,29,1,FH,7.889520697,542042,2280352,26,31.92788917,24.082,5,0.499030317,18.37429,81.62571,2039.839966,15.87119961,48.52640152,Managed,2,1
2013,40,4,FH,3.231002255,541399.7451,2279528.64,5,6.580151103,5.76,1,0,44.483845,55.516155,2069.389893,6.970099926,196.2709961,Managed,2,1
2013,6,1,L,2.143115828,542175.9553,2279827.775,25,20.70067832,21.15,7,0.728805322,22.804314,77.195686,2051.22998,7.194600105,187.6909943,Managed,1,1
2013,40,4,L,1.08819914,541399.7451,2279528.64,5,6.580151103,5.76,1,0,44.483845,55.516155,2069.389893,6.970099926,196.2709961,Managed,1,1
2013,31,1,L,1.869287775,542296.5836,2279690.711,20,35.46311837,22.4,5,0.931382818,2.611275,97.388725,2052.419922,9.489700317,257.5589905,Managed,1,1
2013,2,4,FH,12.62567811,542258.4255,2280433.57,25,25.10943454,22.12,5,0.847049069,73.717499,26.282501,2016.150024,10.63549995,290.0299988,Managed,2,1
2013,16,1,FH,4.286179583,542667.9689,2279327.447,4,4.88997904,10.3,5,0.999067748,68.826071,31.173929,2014.099976,11.94999981,36.4178009,Managed,2,1
2013,13,1,FH,9.112476009,541914.8537,2279318.375,19,21.23189119,20.35,5,0.891427691,7.888046,92.111954,2019.089966,5.627900124,248.1380005,Managed,2,1
2013,32,3,L,2.309532262,542529,2279168,17,25.60265578,16.72,3,0.195462855,21.008789,78.991211,2029.48999,5.213600159,237.7389984,Managed,1,1
2013,11,3,FH,10.35737834,542462.3496,2279550.707,18,28.3855456,18.82,4,0.511028751,5.359726,94.640274,2064.379883,2.051500082,277.0859985,Managed,2,1
2013,5,4,L,2.285378068,541881.534,2279815.093,1,0.608212338,15.25,1,0,100,0,2077.919922,6.5050001140000004,103.0930023,Managed,1,1
2013,22,4,L,3.09364976,541256.9193,2278432.505,16,12.86495038,13.25,6,1.256755432,49.621624,50.378376,2026.77002,18.3743,218.8939972,Managed,1,1
2013,33,1,FH,12.73572051,542086.5368,2279206.138,16,27.68886275,16.24,5,0.576394002,4.709618,95.290382,2054.209961,2.330800056,329.4660034,Managed,2,1
2013,29,1,L,2.368676429,542042,2280352,26,31.92788917,24.082,5,0.499030317,18.37429,81.62571,2039.839966,15.87119961,48.52640152,Managed,1,1
2013,41,3,L,1.161652533,541968,2278692,80,2.085061027,5.6,2,0.135793959,59.930969,40.069031,2030.939941,10.24429989,90.69270325,Unmanaged,1,2
2013,7,1,FH,6.773055276,542414.5745,2279821.951,20,37.00101988,21.84,8,1.382330724,11.945229,88.054771,2053.560059,4.227300167,3.143100023,Managed,2,1
2013,33,2,L,2.44694585,542090.8991,2279253.737,16,32.87380256,17.57,4,0.328315995,35.626442,64.373558,2051.219971,8.651399612,268.473999,Managed,1,1
2013,5,1,FH,14.91674764,541927.22,2279830.47,1,1.757163457,33,1,0,99.821683,0.178317,2068.51001,13.89039993,79.11380005,Managed,2,1
2013,1,2,FH,13.51161049,541295.6542,2280497.82,29,21.27356523,22.84,9,1.974338585,9.065643,90.934357,2085,5.104199886,151.6560059,Managed,2,1
2013,2,3,L,1.636801375,542338.3535,2280428.015,22,15.17895833,18,2,0.693147181,11.866776,88.133224,2020.329956,9.30850029,325.0289917,Managed,1,1
2013,37,3,FH,3.57021742,541670,2279206,9,20.27832567,8.243333333,3,0.137952603,32.513474,67.486526,2025.890015,2.892499924,103.6669998,Managed,2,1
2013,33,4,FH,20.42863252,542046.7831,2279186.008,16,28.07113791,16.6,5,0.610916774,9.821793,90.178207,2050.570068,7.463799953,264.2349854,Managed,2,1
2013,17,3,L,1.567324583,541951.1904,2279034.927,14,18.51988504,16.92,5,0.87250621799999994,9.44088,90.55912,2015.589966,27.5855999,204.7369995,Managed,1,1
2013,33,3,L,2.419592105,542124.5322,2279179.007,16,26.7698956,15.43,6,0.573072388,8.090118,91.909882,2055.199951,1.824499965,67.7990036,Managed,1,1
2013,36,3,FH,20.45515246,542554,2278726,12,16.2966072,11.08,3,0.549308195,21.821556,78.178444,2001.900024,11.38759995,97.0707016,Managed,2,1
2013,7,2,FH,9.070689953,542404.9741,2279869.405,20,25.04696963,20.81,5,1.391932233,5.402931,94.597069,2050.5,4.041699886,29.13339996,Managed,2,1
2013,3,3,FH,10.92697292,543332.7603,2280423.223,17,23.61264235,18.04363636,3,0.575729514,21.696152,78.303848,2065.100098,3.419699907,287.1319885,Managed,2,1
2013,12,3,L,1.798079848,542706.5997,2279544.79,15,31.35676608,14.3,4,0.521657425,2.478836,97.521164,2063.090088,10.94299984,125.6790009,Managed,1,1
2013,22,4,FH,8.350995463,541256.9193,2278432.505,16,12.86495038,13.25,6,1.256755432,49.621624,50.378376,2026.77002,18.3743,218.8939972,Managed,2,1
2013,32,4,FH,14.43047768,542451,2279168,17,30.67902671,18.49,4,0.505738143,5.819901,94.180099,2018.390015,11.79269981,248.6380005,Managed,2,1
2013,4,1,L,1.588709947,541295.3921,2279450.545,2,5.771587932,7.1,2,0.184907399,97.740113,2.259887,2062.929932,2.724600077,194.9839935,Managed,1,1
2013,29,4,L,1.552688556,542008,2280320,26,28.99265904,25.04,4,0.589280064,10.644356,89.355644,2047.040039,14.00819969,38.46580124,Managed,1,1
2013,5,2,L,0.713245965,541923.85,2279870.13,1,0.608212338,15.25,1,0,92.482653,7.517347,2070.97998,17.68090057,145.503006,Managed,1,1
2013,23,4,FH,8.572774978,542255.8178,2278427.77,80,32.75279202,21.14,9,1.909648556,6.37149,93.62851,1987.27002,5.452300072,173.7669983,Unmanaged,2,2
2013,15,3,FH,4.603823152,542463.0325,2279278.016,17,16.75442672,17.6,3,0.437494957,21.296295,78.703705,2026.630005,15.3458004,227.6139984,Managed,2,1
2013,4,3,FH,13.35463632,541334.346,2279424.938,2,0.853650393,3.5,2,0.348832096,91.865578,8.134422,2061.909912,1.826699972,153.3959961,Managed,2,1
2013,19,2,FH,5.380932374,542437.1507,2279127.771,17,29.2452091,20.54,3,0.273573794,2.432281,97.567719,2013.689941,16.40559959,272.6659851,Managed,2,1
2013,35,2,FH,12.74759632,542082.9384,2279060.597,14,12.21203823,13.72222222,4,1.007853269,17.967148,82.032852,2045.209961,8.472900391,231.8220062,Managed,2,1
2013,16,4,L,2.202423654,542627.491,2279305.654,4,8.415093277,11.99,5,1.136615353,22.678185,77.321815,2022.579956,17.32559967,24.35560036,Managed,1,1
2013,15,2,FH,4.485233252,542421.8508,2279370.766,18,18.92845195,16.4,5,0.888953263,5.824562,94.175438,2041.73999,13.54930019,197.9680023,Managed,2,1
2013,22,3,FH,16.23268354,541327.0763,2278420.724,16,19.888294900000002,19.29,5,1.261071915,16.386246,83.613754,2014.160034,27.392299650000002,251.8619995,Managed,2,1
2013,8,4,FH,7.479242074,542631.1271,2279807.222,15,34.43335045,16.785,7,1.436145537,2.231239,97.768761,2063.320068,3.601099968,318.144989,Managed,2,1
2013,31,3,L,2.177303652,542340.0747,2279660.078,20,32.12600502,21.78857143,6,0.825035188,2.991325,97.008675,2057.530029,5.89139986,288.9710083,Managed,1,1
2013,19,3,FH,6.629116239,542460.1606,2279051.688,15,21.40276348,14.74,5,0.687024761,5.365334,94.634666,2015.449951,12.1967001,244.6900024,Managed,2,1
2013,30,4,L,2.643155888,542094,2279894,25,31.31174347,23.35,3,0.419555892,34.719711,65.280289,2059.840088,5.53550005,72.31359863,Managed,1,1
2013,38,2,L,1.168948492,541239,2279310,8,9.706206488,7.215,3,0.326442041,30.009682,69.990318,2058.050049,4.125400066,101.401001,Managed,1,1
2013,27,4,L,2.287717783,541668,2280161,28,35.22909352,25.44,8,1.635410674,4.426788,95.573212,2085.669922,1.716300011,217.7850037,Managed,1,1
2013,9,2,L,1.102809553,541929.2275,2279615.561,7,5.867781669,6.775,1,0,69.093767,30.906233,2055.469971,10.71549988,139.4109955,Managed,1,1
2013,21,4,L,2.738232014,543250.9979,2279432.401,15,32.76803726,17.44,9,0.680367581,8.765656,91.234344,1983.27002,28.09420013,258.4500122,Managed,1,1
2013,16,4,FH,7.647199494,542627.491,2279305.654,4,8.415093277,11.99,5,1.136615353,22.678185,77.321815,2022.579956,17.32559967,24.35560036,Managed,2,1
2013,10,4,L,1.303934238,542126.9331,2279554.739,19,32.57394843,19.97,3,0.314123026,9.724312,90.275688,2036.51001,14.70049953,296.2600098,Managed,1,1
2013,11,3,L,2.040548264,542462.3496,2279550.707,18,28.3855456,18.82,4,0.511028751,5.359726,94.640274,2064.379883,2.051500082,277.0859985,Managed,1,1
2013,23,3,L,1.810750982,542333.1686,2278414.794,80,31.69649039,22.62,8,1.714767522,5.599609,94.400391,1984.349976,4.73029995,133.2660065,Unmanaged,1,2
2013,18,3,FH,14.48451359,542206.5552,2279045.742,14,27.53574545,15.95,2,0.146144746,20.578964,79.421036,2043.23999,9.595899582,95.79329681,Managed,2,1
2013,7,2,L,1.562509654,542404.9741,2279869.405,20,25.04696963,20.81,5,1.391932233,5.402931,94.597069,2050.5,4.041699886,29.13339996,Managed,1,1
2013,10,1,FH,11.34115061,542171.8052,2279569.349,19,31.84708657,19.92375,4,0.56221069,13.460617,86.539383,2043.800049,11.36480045,307.79599,Managed,2,1
2013,25,1,FH,10.91167327,541745,2278549,31,19.15923798,11.85974359,5,0.823193398,23.04541,76.95459,2039.72998,21.96769905,273.8630066,Managed,2,1
2013,14,4,FH,14.20703591,542130.4734,2279304.079,19,26.49035243,19.44,6,1.205629495,3.005928,96.994072,2051.719971,5.463600159,317.3169861,Managed,2,1
2013,13,3,FH,7.969953072,541957.6316,2279295.351,19,27.33390924,19.35,4,0.8620111,4.293137,95.706863,2025.099976,14.27799988,284.5400085,Managed,2,1
2013,29,3,FH,7.5914984,542087,2280316,26,30.61872777,24.32,2,0.304636097,12.417435,87.582565,2037.849976,13.15569973,58.92179871,Managed,2,1
2013,34,1,L,2.061706499,542381,2278960,15,35.68649294,17.46,5,0.195035276,6.047821,93.952179,2015.550049,7.591199875,356.928009,Managed,1,1
2013,28,2,FH,17.49563396,541282,2279830,27,29.28438709,22.394,4,1.075501427,10.746162,89.253838,2091.870117,4.614099979,209.1860046,Managed,2,1
2013,24,3,FH,7.009462322,543292.8958,2278407.587,18,30.86479617,17.18,14,1.861866294,1.343285,98.656715,1941.420044,25.11709976,126.3040009,Managed,2,1
2013,3,1,L,1.871749897,543295.194,2280445.815,17,19.98450347,18.85633333,3,0.459747279,13.396416,86.603584,2062.47998,0.69749999,209.0319977,Managed,1,1
2013,26,3,FH,7.121615421,541451,2280229,30,26.08166772,25.04,11,2.108195284,0.948242,99.051758,2084.389893,3.124700069,347.7349854,Managed,2,1
2013,6,3,FH,11.26058585,542213.9402,2279804.407,20,37.05848498,21.85,4,0.898968699,2.456024,97.543976,2053.27002,11.64710045,220.4799957,Managed,2,1
2013,7,3,FH,14.29544858,542450.4659,2279802.563,80,21.82807249,16.0765508,8,1.648400914,7.250969,92.749031,2054.620117,4.390399933,314.2139893,Unmanaged,2,2
2013,23,2,L,1.15469332,542304.4293,2278490.088,80,22.54928039,18.13,11,1.868134423,3.887085,96.112915,1991.560059,6.904099941,170.2140045,Unmanaged,1,2
2013,31,4,FH,9.983737451,542261.9134,2279666.031,20,35.5434295,20.97,7,1.298024437,1.782326,98.217674,2046.939941,14.42990017,281.1239929,Managed,2,1
2013,35,4,FH,13.09149719,542037.1376,2278999.725,14,18.07681316,16.56,5,1.085605454,29.966072,70.033928,2030.97998,12.22379971,237.45199589999999,Managed,2,1
2013,30,3,L,3.142272485,542177,2279873,25,31.83030261,23.05,4,0.65759895,20.761559,79.238441,2055.669922,3.064699888,176.548996,Managed,1,1
2013,3,4,FH,8.682978001,543252.1848,2280437.405,17,20.41592534,19.11,2,0.398307114,17.533432,82.466568,2063.560059,2.002300024,156.6750031,Managed,2,1
2013,15,4,L,1.644172703,542380.7608,2279301.936,18,23.39214202,15.65,3,0.587090257,9.071732,90.928268,2039.449951,10.0642004,96.49639893,Managed,1,1
2013,15,1,L,1.551293189,542423.0351,2279313.884,18,22.23765032,19.44,6,1.17958906,4.147461,95.852539,2030.400024,10.74380016,128.4089966,Managed,1,1
2013,38,2,FH,7.70866012,541239,2279310,8,9.706206488,7.215,3,0.326442041,30.009682,69.990318,2058.050049,4.125400066,101.401001,Managed,2,1
2013,31,2,L,2.079430869,542305.1667,2279730.697,20,32.29106798,19.84378947,5,0.972425006,6.383583,93.616417,2055.459961,5.178599834,248.2100067,Managed,1,1
2013,22,1,FH,10.62754203,541294.9172,2278447.317,16,15.3894606,23.017,3,0.253067332,67.75,32.25,2016.310059,37.89820099,93.39379883,Managed,2,1
2013,14,2,FH,25.99787176,542176.3857,2279361.521,19,29.50036005,20.2,3,0.619920564,3.553101,96.446899,2052.560059,8.315299988,305.0490112,Managed,2,1
2013,34,4,L,1.619684592,542344,2278943,15,35.27344409,18.68,5,0.195035276,7.919746,92.080254,2017.079956,6.994900227,41.92699814,Managed,1,1
2013,41,3,FH,7.40158376,541968,2278692,80,2.085061027,5.6,2,0.135793959,59.930969,40.069031,2030.939941,10.24429989,90.69270325,Unmanaged,2,2
2013,22,2,L,2.804934667,541296.2575,2278496.015,3,0.3066984,4.316666667,3,0.173286795,99.474985,0.525015,2033.880005,18.61910057,154.3849945,Managed,1,1
2013,24,1,FH,12.6792552,543296.4319,2278451.09,80,44.81350102,24.70068493,10,1.215140445,12.579147,87.420853,1950.079956,26.06780052,139.6399994,Unmanaged,2,2
2013,1,3,L,2.457286666,541334.7038,2280421.221,30,26.88309435,23.7,12,2.136042392,10.371567,89.628433,2079.23999,4.691500187,124.3570023,Managed,1,1
2013,9,3,FH,11.58178627,541957.5235,2279549.56,0,3.110255267,22.5,1,0,99.827705,0.172295,2038.5,16.25469971,141.951004,Managed,2,1
2013,36,1,FH,3.732890422,542515,2278749,12,11.5930329,11.14,6,1.064301925,35.901848,64.098152,2008.75,9.727999687,85.11470032,Managed,2,1
2013,27,3,FH,10.35924235,541743,2280163,28,29.81575632,21.21,3,0.815849865,8.941483,91.058517,2089.610107,1.667999983,16.61179924,Managed,2,1
2013,38,4,FH,0,541200,2279243,8,7.290963535,7.7,2,0.099623389,40.767204,59.232796,2057.469971,4.117300034,208.3029938,Managed,2,1
2013,3,3,L,2.000837172,543332.7603,2280423.223,17,23.61264235,18.04363636,3,0.575729514,21.696152,78.303848,2065.100098,3.419699907,287.1319885,Managed,1,1
2013,7,4,L,1.921490821,542369.6994,2279808.891,20,42.04677935,21.33,6,1.130990229,2.578667,97.421333,2054.52002,4.918499947,7.941599846,Managed,1,1
2013,10,2,L,1.535269636,542172.21,2279616.053,19,35.41562559,20.73,2,0.104732439,7.761833,92.238167,2038.369995,16.79439926,288.8739929,Managed,1,1
2013,23,2,FH,11.19326887,542304.4293,2278490.088,80,22.54928039,18.13,11,1.868134423,3.887085,96.112915,1991.560059,6.904099941,170.2140045,Unmanaged,2,2
2013,11,2,L,2.264468055,542434.0504,2279617.149,18,26.5578462,19.25,5,0.827036873,3.685028,96.314972,2063.540039,1.437999964,295.8919983,Managed,1,1
2013,35,3,L,2.617410514,542114.9937,2278991.95,14,6.904583908,8.96,5,1.090477343,56.990246,43.009754,2043.140015,11.3100996,234.3339996,Managed,1,1
2013,28,2,L,3.870859232,541282,2279830,27,29.28438709,22.394,4,1.075501427,10.746162,89.253838,2091.870117,4.614099979,209.1860046,Managed,1,1
2013,39,4,L,2.257908369,541939,2279680,7,7.447627437,8.22,2,0.244930027,71.718538,28.281462,2062.689941,10.66670036,117.1460037,Managed,1,1
2013,6,4,FH,5.669841989,542134.5344,2279808.305,7,8.874568615,21.74,3,0.803742107,30.187698,69.812302,2049.070068,9.744999886,165.947998,Managed,2,1
2013,10,3,L,1.892269651,542209.6988,2279541.001,19,33.16394957,20.31,5,0.875306929,8.491508,91.508492,2050.629883,9.098400116,290.7030029,Managed,1,1
2013,29,3,L,2.625781331,542087,2280316,26,30.61872777,24.32,2,0.304636097,12.417435,87.582565,2037.849976,13.15569973,58.92179871,Managed,1,1
2013,15,3,L,1.806346697,542463.0325,2279278.016,17,16.75442672,17.6,3,0.437494957,21.296295,78.703705,2026.630005,15.3458004,227.6139984,Managed,1,1
2013,25,1,L,1.435193836,541745,2278549,31,19.15923798,11.85974359,5,0.823193398,23.04541,76.95459,2039.72998,21.96769905,273.8630066,Managed,1,1
2013,1,1,L,2.481934243,541295.8786,2280448.462,29,32.47145531,26.49,10,1.501843916,9.065643,90.934357,2081.139893,4.063799858,153.576004,Managed,1,1
2013,32,3,FH,16.40141117,542529,2279168,17,25.60265578,16.72,3,0.195462855,21.008789,78.991211,2029.48999,5.213600159,237.7389984,Managed,2,1
2013,32,2,FH,9.276979482,542491,2279236,17,19.0823283,14.76666667,4,0.580089249,7.649048,92.350952,2027.810059,8.164600372,248.6549988,Managed,2,1
2013,27,4,FH,10.57582219,541668,2280161,28,35.22909352,25.44,8,1.635410674,4.426788,95.573212,2085.669922,1.716300011,217.7850037,Managed,2,1
2013,26,1,L,5.435284407,541414,2280251,30,26.93651021,24.64,11,1.591072408,1.328758,98.671242,2083.620117,3.347899914,334.9639893,Managed,1,1
2013,11,4,FH,14.39692761,542375.2128,2279562.33,18,27.33094746,18.25952381,3,0.649543169,8.994164,91.005836,2061.810059,0.981599987,145.4490051,Managed,2,1
2013,24,4,FH,23.22878533,543250.7318,2278433.487,18,24.0901267,17.03,8,1.679621865,4.961571,95.038429,1958,3.878299952,109.0970001,Managed,2,1
2013,3,2,FH,7.27465956,543302.8827,2280494.972,17,22.03490679,18.52,3,0.431071102,13.396416,86.603584,2064.02002,0.958899975,263.3829956,Managed,2,1
2013,14,3,FH,11.44065901,542199.9902,2279297.169,19,27.94397578,18.48,3,0.739231571,2.897438,97.102562,2053.840088,1.633000016,182.0119934,Managed,2,1
2013,13,1,L,2.333551985,541914.8537,2279318.375,19,21.23189119,20.35,5,0.891427691,7.888046,92.111954,2019.089966,5.627900124,248.1380005,Managed,1,1
2013,41,1,FH,5.575716701,541926,2278717,80,6.3156946,5.95,2,0.140760122,55.214558,44.785442,2039.609985,8.347700119,113.4469986,Unmanaged,2,2
2013,15,1,FH,3.532888679,542423.0351,2279313.884,18,22.23765032,19.44,6,1.17958906,4.147461,95.852539,2030.400024,10.74380016,128.4089966,Managed,2,1
2013,34,1,FH,9.380187167,542381,2278960,15,35.68649294,17.46,5,0.195035276,6.047821,93.952179,2015.550049,7.591199875,356.928009,Managed,2,1
2013,6,1,FH,7.41038463,542175.9553,2279827.775,25,20.70067832,21.15,7,0.728805322,22.804314,77.195686,2051.22998,7.194600105,187.6909943,Managed,2,1
2013,8,2,L,1.992707513,542675.9772,2279871.524,80,19.91172137,16.90964286,7,1.078050564,10.190514,89.809486,2062.850098,1.511800051,327.427002,Unmanaged,1,2
2013,11,2,FH,11.69574895,542434.0504,2279617.149,18,26.5578462,19.25,5,0.827036873,3.685028,96.314972,2063.540039,1.437999964,295.8919983,Managed,2,1
2013,2,2,L,1.600517452,542301.6097,2280497.313,21,36.06287221,22.97714286,3,0.63903186,24.368355,75.631645,2011.969971,12.0941,342.5559998,Managed,1,1
2013,32,1,L,1.772617147,542490,2279191,17,24.98229127,16.14,2,0.151328607,13.366333,86.633667,2026.51001,7.222300053,272.1419983,Managed,1,1
2013,29,4,FH,9.371834836,542008,2280320,26,28.99265904,25.04,4,0.589280064,10.644356,89.355644,2047.040039,14.00819969,38.46580124,Managed,2,1
2013,28,4,FH,6.05619913,541242,2279766,27,28.98711323,24.32,8,1.62274637,15.702148,84.297852,2079.01001,7.851500034,206.4060059,Managed,2,1
2013,30,2,FH,16.74742726,542146,2279941,25,34.33163868,23.46,4,0.734380671,19.993233,80.006767,2054.100098,8.336000443,73.92350006,Managed,2,1
2013,38,4,L,0.774678084,541200,2279243,8,7.290963535,7.7,2,0.099623389,40.767204,59.232796,2057.469971,4.117300034,208.3029938,Managed,1,1
2013,27,2,FH,19.83779082,541708,2280230,28,39.71775001,26.54,5,1.026846472,5.616035,94.383965,2086.26001,2.898200035,245.7709961,Managed,2,1
2013,24,3,L,1.47454076,543292.8958,2278407.587,18,30.86479617,17.18,14,1.861866294,1.343285,98.656715,1941.420044,25.11709976,126.3040009,Managed,1,1
2013,5,2,FH,10.15393511,541923.85,2279870.13,1,0.608212338,15.25,1,0,92.482653,7.517347,2070.97998,17.68090057,145.503006,Managed,2,1
2013,31,2,FH,12.97524131,542305.1667,2279730.697,20,32.29106798,19.84378947,5,0.972425006,6.383583,93.616417,2055.459961,5.178599834,248.2100067,Managed,2,1
2013,37,4,L,1.6162855,541591,2279214,9,19.03991599,8.31,3,0.108410072,34.855309,65.144691,2034.930054,6.4425001140000004,73.57900238,Managed,1,1
2013,17,2,L,1.985733985,541931.8137,2279117.439,14,21.02180174,17.72,6,0.884397425,10.120483,89.879517,2019.650024,11.77089977,287.605011,Managed,1,1
2013,5,1,L,0.748140549,541927.22,2279830.47,1,1.757163457,33,1,0,99.821683,0.178317,2068.51001,13.89039993,79.11380005,Managed,1,1
2013,5,4,FH,10.33051481,541881.534,2279815.093,1,0.608212338,15.25,1,0,100,0,2077.919922,6.5050001140000004,103.0930023,Managed,2,1
2013,2,1,FH,2.850254171,542296.9318,2280451.263,22,15.70079986,22.936,4,1.181764362,24.368355,75.631645,2016.709961,14.53429985,251.1900024,Managed,2,1
2013,19,4,FH,11.8359022,542377.0004,2279055.464,15,26.25737739,16.1,5,0.549983455,8.821716,91.178284,2017.650024,9.107000351,131.6909943,Managed,2,1
2013,2,1,L,2.0172896320000002,542296.9318,2280451.263,22,15.70079986,22.936,4,1.181764362,24.368355,75.631645,2016.709961,14.53429985,251.1900024,Managed,1,1
2013,39,4,FH,0,541939,2279680,7,7.447627437,8.22,2,0.244930027,71.718538,28.281462,2062.689941,10.66670036,117.1460037,Managed,2,1
2013,28,3,L,2.808861833,541316,2279760,27,29.17539174,26.84,5,1.066096657,3.918724,96.081276,2085.909912,8.045800209,217.2299957,Managed,1,1
2013,8,3,L,1.784822578,542706.9866,2279804.867,15,38.07700172,18.5,5,0.589675966,5.139252,94.860748,2065.580078,1.171599984,161.4140015,Managed,1,1
2013,37,2,L,0.441544714,541637,2279286,9,17.9378461,8.3,2,0.042414732,37.768238,62.231762,2028.680054,4.854700089,149.1779938,Managed,1,1
2013,28,1,FH,13.84794145,541280,2279785,27,24.77893248,26.52333333,6,1.04825839,5.983643,94.016357,2085.600098,10.70250034,211.5359955,Managed,2,1
2013,40,1,L,3.301876075,541437.3336,2279544.103,5,6.3156946,5.95,2,0.140760122,55.214558,44.785442,2072.610107,6.476200104,196.197998,Managed,1,1
2013,37,1,FH,12.00521677,541634,2279229,9,15.19957504,8.67,3,0.115705384,36.405682,63.594318,2028.180054,9.637999535,59.09130096,Managed,2,1
2013,16,1,L,0.848091708,542667.9689,2279327.447,4,4.88997904,10.3,5,0.999067748,68.826071,31.173929,2014.099976,11.94999981,36.4178009,Managed,1,1
2013,19,2,L,2.0546521,542437.1507,2279127.771,17,29.2452091,20.54,3,0.273573794,2.432281,97.567719,2013.689941,16.40559959,272.6659851,Managed,1,1
2013,7,3,L,1.888894601,542450.4659,2279802.563,80,21.82807249,16.0765508,8,1.648400914,7.250969,92.749031,2054.620117,4.390399933,314.2139893,Unmanaged,1,2
2013,18,1,FH,12.92548419,542171.9902,2279075.98,14,21.60707977,15.62,4,0.706876886,37.22142,62.77858,2048.780029,5.495800018,106.737999,Managed,2,1
2013,21,1,FH,17.86323375,543290.5503,2279448.992,15,30.46524287,19.77,7,0.742204056,6.862259,93.137741,1991.839966,29.57799912,298.4949951,Managed,2,1
2013,21,2,L,2.110217903,543298.5617,2279494.387,15,27.17869808,18.13325581,5,0.894111033,6.669914,93.330086,1989.420044,15.71539974,300.7630005,Managed,1,1
2013,33,4,L,2.279293913,542046.7831,2279186.008,16,28.07113791,16.6,5,0.610916774,9.821793,90.178207,2050.570068,7.463799953,264.2349854,Managed,1,1
2013,33,1,L,2.924910569,542086.5368,2279206.138,16,27.68886275,16.24,5,0.576394002,4.709618,95.290382,2054.209961,2.330800056,329.4660034,Managed,1,1
2013,32,1,FH,7.519607378,542490,2279191,17,24.98229127,16.14,2,0.151328607,13.366333,86.633667,2026.51001,7.222300053,272.1419983,Managed,2,1
2013,18,1,L,3.408044967,542171.9902,2279075.98,14,21.60707977,15.62,4,0.706876886,37.22142,62.77858,2048.780029,5.495800018,106.737999,Managed,1,1
2013,27,1,FH,10.19334124,541708,2280185,28,29.61655062,25.43,6,0.661035074,14.10891,85.89109,2086.469971,4.26789999,286.223999,Managed,2,1
2013,30,3,FH,20.61274351,542177,2279873,25,31.83030261,23.05,4,0.65759895,20.761559,79.238441,2055.669922,3.064699888,176.548996,Managed,2,1
2013,11,4,L,2.082213661,542375.2128,2279562.33,18,27.33094746,18.25952381,3,0.649543169,8.994164,91.005836,2061.810059,0.981599987,145.4490051,Managed,1,1
2013,36,2,FH,8.367432678,542520,2278796,12,16.00286064,13.23,3,0.499953105,30.273117,69.726883,2006.439941,12.63899994,69.80020142,Managed,2,1
2013,25,4,L,2.42412904,541704,2278537,31,30.13451016,21,4,0.589280064,10.597557,89.402443,2021.199951,28.39970016,266.0650024,Managed,1,1
2013,27,1,L,1.751032706,541708,2280185,28,29.61655062,25.43,6,0.661035074,14.10891,85.89109,2086.469971,4.26789999,286.223999,Managed,1,1
2013,25,4,FH,17.44819079,541704,2278537,31,30.13451016,21,4,0.589280064,10.597557,89.402443,2021.199951,28.39970016,266.0650024,Managed,2,1
2013,8,1,L,1.831523883,542666.3953,2279828.559,15,37.28686381,18.74,4,0.366289089,7.768364,92.231636,2063.570068,1.925400019,333.6579895,Managed,1,1
2013,10,1,L,1.674621432,542171.8052,2279569.349,19,3.110255267,19.92375,4,0.56221069,13.460617,86.539383,2043.800049,11.36480045,307.79599,Managed,1,1
2013,14,4,L,1.7788216,542130.4734,2279304.079,19,26.49035243,19.44,6,1.205629495,3.005928,96.994072,2051.719971,5.463600159,317.3169861,Managed,1,1
2013,14,2,L,1.564031504,542176.3857,2279361.521,19,29.50036005,20.2,3,0.619920564,3.553101,96.446899,2052.560059,8.315299988,305.0490112,Managed,1,1
2013,38,3,L,2.923640926,541275,2279237,8,11.08008313,7.18,2,0.105640482,75.470907,24.529093,2056.25,2.958699942,91.7594986,Managed,1,1
2013,41,2,FH,5.951538194,541933,2278762,80,9.135599049,6.12,1,0,57.539314,42.460686,2038.579956,15.40030003,89.4489975,Unmanaged,2,2
2013,1,3,FH,17.15499042,541334.7038,2280421.221,30,26.88309435,23.7,12,2.136042392,10.371567,89.628433,2079.23999,4.691500187,124.3570023,Managed,2,1
2013,40,2,L,1.154153384,541443.0095,2279590.229,5,9.135599049,6.12,1,0,57.539314,42.460686,2078.709961,9.78069973,200.7449951,Managed,1,1
2013,24,1,L,2.481031337,543296.4319,2278451.09,80,44.81350102,24.70068493,10,1.215140445,12.579147,87.420853,1950.079956,26.06780052,139.6399994,Unmanaged,1,2
2013,38,3,FH,7.289489737,541275,2279237,8,11.08008313,7.18,2,0.105640482,75.470907,24.529093,2056.25,2.958699942,91.7594986,Managed,2,1
2013,8,1,FH,12.77215443,542666.3953,2279828.559,15,37.28686381,18.74,4,0.366289089,7.768364,92.231636,2063.570068,1.925400019,333.6579895,Managed,2,1
2013,39,2,L,2.603956623,541983,2279747,7,1.786292551,6.12,2,0.410116318,67.843266,32.156734,2063.149902,11.10359955,85.41929626,Managed,1,1
2013,4,3,L,0.907490987,541334.346,2279424.938,2,0.853650393,3.5,2,0.348832096,91.865578,8.134422,2061.909912,1.826699972,153.3959961,Managed,1,1
2013,16,3,FH,5.299054964,542706.7942,2279302.09,4,1.344814289,5.552,2,0.219032522,82.362394,17.637606,2012.72998,28.10370064,342.446991,Managed,2,1
2013,4,2,L,5.42012579,541301.2313,2279491.618,2,4.080987064,7.59,1,0,88.94646,11.05354,2065.310059,2.971899986,185.6950073,Managed,1,1
2013,21,3,L,1.711649534,543329.6984,2279419.875,15,33.71037435,17.5,6,0.557670972,10.816246,89.183754,2005.569946,11.02639961,290.1579895,Managed,1,1
2013,16,3,L,2.269870668,542706.7942,2279302.09,4,1.344814289,5.552,2,0.219032522,82.362394,17.637606,2012.72998,28.10370064,342.446991,Managed,1,1
2013,8,2,FH,14.28367684,542675.9772,2279871.524,80,19.91172137,16.90964286,7,1.078050564,10.190514,89.809486,2062.850098,1.511800051,327.427002,Unmanaged,2,2
2013,14,1,L,1.815576596,542170.9654,2279320.449,19,22.41029082,18.22,4,0.945456541,1.964378,98.035622,2053.27002,1.983199954,244.3930054,Managed,1,1
2013,36,3,L,3.883709721,542554,2278726,12,16.2966072,11.08,3,0.549308195,21.821556,78.178444,2001.900024,11.38759995,97.0707016,Managed,1,1
2013,15,4,FH,6.645821367,542380.7608,2279301.936,18,23.39214202,15.65,3,0.587090257,9.071732,90.928268,2039.449951,10.0642004,96.49639893,Managed,2,1
2013,29,2,FH,22.36541816,542053,2280389,26,29.38579009,25.51714286,3,0.73562194,19.817352,80.182648,2030.569946,15.60910034,43.48630142,Managed,2,1
2013,4,4,L,2.169411822,541251.7775,2279432.621,8,19.4332442,9.12,2,0.036434416,15.460808,84.539192,2061.75,2.3949999809999998,174.7749939,Managed,1,1
2013,28,3,FH,9.186667888,541316,2279760,27,29.17539174,26.84,5,1.066096657,3.918724,96.081276,2085.909912,8.045800209,217.2299957,Managed,2,1
2013,31,3,FH,11.44017064,542340.0747,2279660.078,20,32.12600502,21.78857143,6,0.825035188,2.991325,97.008675,2057.530029,5.89139986,288.9710083,Managed,2,1
2013,5,3,L,0.683501456,541958.0283,2279808.752,1,1.757163457,33,1,0,99.58124,0.41876,2060.629883,13.43239975,101.1750031,Managed,1,1
2013,35,4,L,2.796523936,542037.1376,2278999.725,14,18.07681316,16.56,5,1.085605454,29.966072,70.033928,2030.97998,12.22379971,237.45199589999999,Managed,1,1
2013,23,1,FH,14.14452907,542297.5534,2278447.684,80,34.5124766,24.01,7,1.44243172,4.556038,95.443962,1988.300049,4.378900051,150.8769989,Unmanaged,2,2
2013,32,4,L,1.690011144,542451,2279168,17,30.67902671,18.49,4,0.505738143,5.819901,94.180099,2018.390015,11.79269981,248.6380005,Managed,1,1
2013,17,4,FH,13.68444108,541875.6091,2279049.902,80,41.80904153,19.47,7,1.653574556,6.657013,93.342987,2026.819946,23.27280045,43.98920059,Unmanaged,2,2
2013,9,1,FH,9.06653187,541919.7485,2279572.265,0,18.7338275,29.13,12,2.151885788,27.282768,72.717232,2048.959961,14.66790009,142.8739929,Managed,2,1
2013,34,3,L,2.151839138,542411,2278936,15,25.59449026,15.31571429,6,0.436813133,6.29007,93.70993,2013.140015,14.0394001,67.54000092,Managed,1,1
2013,37,1,L,3.161924019,541634,2279229,9,15.19957504,8.67,3,0.115705384,36.405682,63.594318,2028.180054,9.637999535,59.09130096,Managed,1,1
2013,26,2,L,3.73228004,541416,2280298,30,39.37408905,25.36,9,1.851295602,0.847458,99.152542,2078.610107,11.91569996,336.3590088,Managed,1,1
2013,35,1,L,1.916029344,542080.0246,2279017.096,14,18.96158843,14.10235294,6,1.204710762,33.172615,66.827385,2041.349976,9.18200016,243.1869965,Managed,1,1
2013,1,4,FH,17.66679955,541247.9859,2280434.179,29,24.95038741,23.32,8,1.884576878,11.178711,88.821289,2082.370117,4.873000145,139.2380066,Managed,2,1
2013,25,3,L,1.454633674,541782,2278522,31,23.29522369,15.20242424,6,0.945483355,16.660469,83.339531,2043.130005,4.426000118,115.1220016,Managed,1,1
2013,6,3,L,2.016664557,542213.9402,2279804.407,20,37.05848498,21.85,4,0.898968699,2.456024,97.543976,2053.27002,11.64710045,220.4799957,Managed,1,1
2013,3,1,FH,7.174530886,543295.194,2280445.815,17,19.98450347,18.85633333,3,0.459747279,13.396416,86.603584,2062.47998,0.69749999,209.0319977,Managed,2,1
2013,22,2,FH,0,541296.2575,2278496.015,3,0.3066984,4.316666667,3,0.173286795,99.474985,0.525015,2033.880005,18.61910057,154.3849945,Managed,2,1
2013,14,3,L,1.962487489,542199.9902,2279297.169,19,27.94397578,18.48,3,0.739231571,2.897438,97.102562,2053.840088,1.633000016,182.0119934,Managed,1,1
2013,28,1,L,2.885009785,541280,2279785,27,24.77893248,26.52333333,6,1.04825839,5.983643,94.016357,2085.600098,10.70250034,211.5359955,Managed,1,1
2013,18,2,FH,6.492943782,542179.9855,2279129.122,16,23.58968909,15.15,3,0.664385572,4.87294,95.12706,2049.590088,7.097300053,105.5599976,Managed,2,1
2013,28,4,L,2.190203134,541242,2279766,27,28.98711323,24.32,8,1.62274637,15.702148,84.297852,2079.01001,7.851500034,206.4060059,Managed,1,1
2013,33,2,FH,22.41934447,542090.8991,2279253.737,16,32.87380256,17.57,4,0.328315995,35.626442,64.373558,2051.219971,8.651399612,268.473999,Managed,2,1
2013,25,2,FH,8.044683034,541753,2278593,31,20.26204149,16.21,4,0.813111763,19.702141,80.297859,2038.939941,4.15019989,283.375,Managed,2,1
2013,18,2,L,2.901285512,542179.9855,2279129.122,16,23.58968909,15.15,3,0.664385572,4.87294,95.12706,2049.590088,7.097300053,105.5599976,Managed,1,1
2013,40,3,L,1.967481474,541477.9141,2279519.609,5,2.085061027,5.6,2,0.135793959,59.930969,40.069031,2070.790039,8.039099693,190.345993,Managed,1,1
2013,32,2,L,2.158637629,542491,2279236,17,19.0823283,14.76666667,4,0.580089249,7.649048,92.350952,2027.810059,8.164600372,248.6549988,Managed,1,1
2013,9,1,L,0.447042936,541919.7485,2279572.265,0,18.7338275,29.13,12,2.151885788,27.282768,72.717232,2048.959961,14.66790009,142.8739929,Managed,1,1
2013,13,2,FH,9.462490054,541931.7289,2279362.464,19,23.65750822,19.73,7,0.873464145,19.93399,80.06601,2020.839966,8.326899529,303.3120117,Managed,2,1
2013,13,3,L,1.48370044,541957.6316,2279295.351,19,27.33390924,19.35,4,0.8620111,4.293137,95.706863,2025.099976,14.27799988,284.5400085,Managed,1,1
2013,10,4,FH,11.92967879,542126.9331,2279554.739,19,32.57394843,19.97,3,0.314123026,9.724312,90.275688,2036.51001,14.70049953,296.2600098,Managed,2,1
2013,14,1,FH,8.84934676,542170.9654,2279320.449,19,22.41029082,18.22,4,0.945456541,1.964378,98.035622,2053.27002,1.983199954,244.3930054,Managed,2,1
2013,9,2,FH,3.129653546,541929.2275,2279615.561,7,5.867781669,6.775,1,0,69.093767,30.906233,2055.469971,10.71549988,139.4109955,Managed,2,1
2013,24,2,FH,6.519886836,543300.692,2278496.697,80,38.52886537,16.19,7,1.022092868,8.978531,91.021469,1952.810059,21.46859932,78.32769775,Unmanaged,2,2
2013,1,1,FH,17.21847455,541295.8786,2280448.462,29,32.47145531,26.49,10,1.501843916,9.065643,90.934357,2081.139893,4.063799858,153.576004,Managed,2,1
2013,7,1,L,1.96229397,542414.5745,2279821.951,20,37.00101988,21.84,8,1.382330724,11.945229,88.054771,2053.560059,4.227300167,3.143100023,Managed,1,1
2013,7,4,FH,16.73712586,542369.6994,2279808.891,20,42.04677935,21.33,6,1.130990229,2.578667,97.421333,2054.52002,4.918499947,7.941599846,Managed,2,1
2013,34,2,FH,7.817919491,542387,2279009,15,30.53102203,17.92,4,0.328406083,10.319313,89.680687,2011.599976,16.61149979,134.3099976,Managed,2,1
2013,40,2,FH,4.562052772,541443.0095,2279590.229,5,9.135599049,6.12,1,0,57.539314,42.460686,2078.709961,9.78069973,200.7449951,Managed,2,1
2013,37,2,FH,2.014583314,541637,2279286,9,17.9378461,8.3,2,0.042414732,37.768238,62.231762,2028.680054,4.854700089,149.1779938,Managed,2,1
2013,1,2,L,2.112678253,541295.6542,2280497.82,29,21.27356523,22.84,9,1.974338585,9.065643,90.934357,2085,5.104199886,151.6560059,Managed,1,1
2013,13,2,L,1.641607119,541931.7289,2279362.464,19,23.65750822,19.73,7,0.873464145,19.93399,80.06601,2020.839966,8.326899529,303.3120117,Managed,1,1
2013,17,2,FH,5.279256265,541931.8137,2279117.439,14,21.02180174,17.72,6,0.884397425,10.120483,89.879517,2019.650024,11.77089977,287.605011,Managed,2,1
2013,16,2,L,2.875066515,542670.2685,2279365.966,80,29.8497436,22.756875,12,2.140337505,0.306282,99.693718,2007.920044,20.39279938,106.2460022,Unmanaged,1,2
